item,date,value
CUUR0000SEFK01,2024-12-01,343.966
CUUR0000SEFK01,2024-11-01,338.614
CUUR0000SEFK01,2024-10-01,345.978
CUUR0000SEFK01,2024-09-01,343.623
CUUR0000SEFK01,2024-08-01,341.338
CUUR0000SEFK01,2024-07-01,338.110
CUUR0000SEFK01,2024-06-01,338.506
CUUR0000SEFK01,2024-05-01,336.544
CUUR0000SEFK01,2024-04-01,331.963
CUUR0000SEFK01,2024-03-01,338.499
CUUR0000SEFK01,2024-02-01,340.215
CUUR0000SEFK01,2024-01-01,339.744
CUUR0000SEFK01,2023-12-01,341.314
CUUR0000SEFK01,2023-11-01,341.815
CUUR0000SEFK01,2023-10-01,346.674
CUUR0000SEFK01,2023-09-01,387.201
CUUR0000SEFK01,2023-08-01,396.512
CUUR0000SEFK01,2023-07-01,395.575
CUUR0000SEFK01,2023-06-01,384.824
CUUR0000SEFK01,2023-05-01,387.719
CUUR0000SEFK01,2023-04-01,380.371
CUUR0000SEFK01,2023-03-01,376.465
CUUR0000SEFK01,2023-02-01,376.556
CUUR0000SEFK01,2023-01-01,372.933
CUUR0000SEFK01,2022-12-01,362.529
CUUR0000SEFK01,2022-11-01,362.838
CUUR0000SEFK01,2022-10-01,360.647
CUUR0000SEFK01,2022-09-01,372.750
CUUR0000SEFK01,2022-08-01,365.559
CUUR0000SEFK01,2022-07-01,367.947
CUUR0000SEFK01,2022-06-01,368.101
CUUR0000SEFK01,2022-05-01,359.984
CUUR0000SEFK01,2022-04-01,359.487
CUUR0000SEFK01,2022-03-01,357.692
CUUR0000SEFK01,2022-02-01,356.638
CUUR0000SEFK01,2022-01-01,343.824
CUUR0000SEFK01,2021-12-01,340.128
CUUR0000SEFK01,2021-11-01,337.858
CUUR0000SEFK01,2021-10-01,344.025
CUUR0000SEFK01,2021-09-01,351.704
CUUR0000SEFK01,2021-08-01,352.329
CUUR0000SEFK01,2021-07-01,350.021
CUUR0000SEFK01,2021-06-01,347.403
CUUR0000SEFK01,2021-05-01,338.874
CUUR0000SEFK01,2021-04-01,337.240
CUUR0000SEFK01,2021-03-01,333.649
CUUR0000SEFK01,2021-02-01,330.695
CUUR0000SEFK01,2021-01-01,322.045
CUUR0000SEFK01,2020-12-01,315.538
CUUR0000SEFK01,2020-11-01,314.608
CUUR0000SEFK01,2020-10-01,322.554
CUUR0000SEFK01,2020-09-01,326.216
CUUR0000SEFK01,2020-08-01,333.698
CUUR0000SEFK01,2020-07-01,330.308
CUUR0000SEFK01,2020-06-01,326.202
CUUR0000SEFK01,2020-05-01,329.827
CUUR0000SEFK01,2020-04-01,328.641
CUUR0000SEFK01,2020-03-01,310.774
CUUR0000SEFK01,2020-02-01,315.191
CUUR0000SEFK01,2020-01-01,317.302
CUUR0000SEFK01,2019-12-01,314.932
CUUR0000SEFK01,2019-11-01,322.440
CUUR0000SEFK01,2019-10-01,333.259
CUUR0000SEFK01,2019-09-01,336.943
CUUR0000SEFK01,2019-08-01,359.976
CUUR0000SEFK01,2019-07-01,354.683
CUUR0000SEFK01,2019-06-01,347.240
CUUR0000SEFK01,2019-05-01,344.742
CUUR0000SEFK01,2019-04-01,343.561
CUUR0000SEFK01,2019-03-01,340.703
CUUR0000SEFK01,2019-02-01,335.377
CUUR0000SEFK01,2019-01-01,333.290
CUUR0000SEFK01,2018-12-01,327.632
CUUR0000SEFK01,2018-11-01,322.325
CUUR0000SEFK01,2018-10-01,325.758
CUUR0000SEFK01,2018-09-01,337.834
CUUR0000SEFK01,2018-08-01,349.585
CUUR0000SEFK01,2018-07-01,342.615
CUUR0000SEFK01,2018-06-01,335.673
CUUR0000SEFK01,2018-05-01,337.130
CUUR0000SEFK01,2018-04-01,339.091
CUUR0000SEFK01,2018-03-01,333.852
CUUR0000SEFK01,2018-02-01,338.350
CUUR0000SEFK01,2018-01-01,335.546
CUUR0000SEFK01,2017-12-01,328.631
CUUR0000SEFK01,2017-11-01,336.546
CUUR0000SEFK01,2017-10-01,342.805
CUUR0000SEFK01,2017-09-01,365.599
CUUR0000SEFK01,2017-08-01,371.283
CUUR0000SEFK01,2017-07-01,360.305
CUUR0000SEFK01,2017-06-01,350.374
CUUR0000SEFK01,2017-05-01,343.596
CUUR0000SEFK01,2017-04-01,335.668
CUUR0000SEFK01,2017-03-01,335.680
CUUR0000SEFK01,2017-02-01,332.585
CUUR0000SEFK01,2017-01-01,330.947
CUUR0000SEFK01,2016-12-01,337.515
CUUR0000SEFK01,2016-11-01,333.401
CUUR0000SEFK01,2016-10-01,330.634
CUUR0000SEFK01,2016-09-01,351.022
CUUR0000SEFK01,2016-08-01,373.911
CUUR0000SEFK01,2016-07-01,369.524
CUUR0000SEFK01,2016-06-01,368.339
CUUR0000SEFK01,2016-05-01,353.376
CUUR0000SEFK01,2016-04-01,350.451
CUUR0000SEFK01,2016-03-01,354.489
CUUR0000SEFK01,2016-02-01,351.675
CUUR0000SEFK01,2016-01-01,342.928
CUUR0000SEFK01,2015-12-01,334.632
CUUR0000SEFK01,2015-11-01,328.974
CUUR0000SEFK01,2015-10-01,324.475
CUUR0000SEFK01,2015-09-01,336.417
CUUR0000SEFK01,2015-08-01,338.884
CUUR0000SEFK01,2015-07-01,338.823
CUUR0000SEFK01,2015-06-01,336.155
CUUR0000SEFK01,2015-05-01,324.199
CUUR0000SEFK01,2015-04-01,317.223
CUUR0000SEFK01,2015-03-01,319.216
CUUR0000SEFK01,2015-02-01,326.073
CUUR0000SEFK01,2015-01-01,324.679
CUUR0000SEFK02,2024-12-01,205.690
CUUR0000SEFK02,2024-11-01,207.249
CUUR0000SEFK02,2024-10-01,205.722
CUUR0000SEFK02,2024-09-01,207.001
CUUR0000SEFK02,2024-08-01,206.751
CUUR0000SEFK02,2024-07-01,206.793
CUUR0000SEFK02,2024-06-01,210.306
CUUR0000SEFK02,2024-05-01,210.238
CUUR0000SEFK02,2024-04-01,210.049
CUUR0000SEFK02,2024-03-01,209.329
CUUR0000SEFK02,2024-02-01,207.981
CUUR0000SEFK02,2024-01-01,204.602
CUUR0000SEFK02,2023-12-01,207.757
CUUR0000SEFK02,2023-11-01,207.731
CUUR0000SEFK02,2023-10-01,208.615
CUUR0000SEFK02,2023-09-01,208.806
CUUR0000SEFK02,2023-08-01,209.580
CUUR0000SEFK02,2023-07-01,209.612
CUUR0000SEFK02,2023-06-01,208.359
CUUR0000SEFK02,2023-05-01,209.503
CUUR0000SEFK02,2023-04-01,209.660
CUUR0000SEFK02,2023-03-01,209.243
CUUR0000SEFK02,2023-02-01,212.403
CUUR0000SEFK02,2023-01-01,208.819
CUUR0000SEFK02,2022-12-01,205.751
CUUR0000SEFK02,2022-11-01,206.640
CUUR0000SEFK02,2022-10-01,205.588
CUUR0000SEFK02,2022-09-01,207.853
CUUR0000SEFK02,2022-08-01,209.062
CUUR0000SEFK02,2022-07-01,209.580
CUUR0000SEFK02,2022-06-01,207.786
CUUR0000SEFK02,2022-05-01,206.744
CUUR0000SEFK02,2022-04-01,204.099
CUUR0000SEFK02,2022-03-01,205.368
CUUR0000SEFK02,2022-02-01,203.153
CUUR0000SEFK02,2022-01-01,203.353
CUUR0000SEFK02,2021-12-01,200.986
CUUR0000SEFK02,2021-11-01,199.042
CUUR0000SEFK02,2021-10-01,196.264
CUUR0000SEFK02,2021-09-01,193.775
CUUR0000SEFK02,2021-08-01,192.983
CUUR0000SEFK02,2021-07-01,195.118
CUUR0000SEFK02,2021-06-01,194.976
CUUR0000SEFK02,2021-05-01,195.818
CUUR0000SEFK02,2021-04-01,195.866
CUUR0000SEFK02,2021-03-01,193.220
CUUR0000SEFK02,2021-02-01,193.050
CUUR0000SEFK02,2021-01-01,196.779
CUUR0000SEFK02,2020-12-01,189.622
CUUR0000SEFK02,2020-11-01,191.855
CUUR0000SEFK02,2020-10-01,190.704
CUUR0000SEFK02,2020-09-01,190.210
CUUR0000SEFK02,2020-08-01,189.923
CUUR0000SEFK02,2020-07-01,192.992
CUUR0000SEFK02,2020-06-01,195.506
CUUR0000SEFK02,2020-05-01,196.546
CUUR0000SEFK02,2020-04-01,195.890
CUUR0000SEFK02,2020-03-01,195.553
CUUR0000SEFK02,2020-02-01,195.034
CUUR0000SEFK02,2020-01-01,195.848
CUUR0000SEFK02,2019-12-01,197.506
CUUR0000SEFK02,2019-11-01,197.388
CUUR0000SEFK02,2019-10-01,195.904
CUUR0000SEFK02,2019-09-01,194.269
CUUR0000SEFK02,2019-08-01,195.099
CUUR0000SEFK02,2019-07-01,194.956
CUUR0000SEFK02,2019-06-01,197.120
CUUR0000SEFK02,2019-05-01,196.124
CUUR0000SEFK02,2019-04-01,194.449
CUUR0000SEFK02,2019-03-01,198.299
CUUR0000SEFK02,2019-02-01,195.987
CUUR0000SEFK02,2019-01-01,194.690
CUUR0000SEFK02,2018-12-01,196.258
CUUR0000SEFK02,2018-11-01,193.453
CUUR0000SEFK02,2018-10-01,195.409
CUUR0000SEFK02,2018-09-01,196.842
CUUR0000SEFK02,2018-08-01,196.087
CUUR0000SEFK02,2018-07-01,198.129
CUUR0000SEFK02,2018-06-01,196.475
CUUR0000SEFK02,2018-05-01,197.286
CUUR0000SEFK02,2018-04-01,197.638
CUUR0000SEFK02,2018-03-01,199.713
CUUR0000SEFK02,2018-02-01,197.969
CUUR0000SEFK02,2018-01-01,195.248
CUUR0000SEFK02,2017-12-01,194.545
CUUR0000SEFK02,2017-11-01,191.184
CUUR0000SEFK02,2017-10-01,189.561
CUUR0000SEFK02,2017-09-01,188.475
CUUR0000SEFK02,2017-08-01,195.153
CUUR0000SEFK02,2017-07-01,195.758
CUUR0000SEFK02,2017-06-01,198.125
CUUR0000SEFK02,2017-05-01,196.982
CUUR0000SEFK02,2017-04-01,197.638
CUUR0000SEFK02,2017-03-01,197.635
CUUR0000SEFK02,2017-02-01,198.605
CUUR0000SEFK02,2017-01-01,198.357
CUUR0000SEFK02,2016-12-01,198.865
CUUR0000SEFK02,2016-11-01,198.110
CUUR0000SEFK02,2016-10-01,199.128
CUUR0000SEFK02,2016-09-01,200.637
CUUR0000SEFK02,2016-08-01,196.862
CUUR0000SEFK02,2016-07-01,198.458
CUUR0000SEFK02,2016-06-01,199.292
CUUR0000SEFK02,2016-05-01,197.649
CUUR0000SEFK02,2016-04-01,197.396
CUUR0000SEFK02,2016-03-01,200.311
CUUR0000SEFK02,2016-02-01,198.712
CUUR0000SEFK02,2016-01-01,200.802
CUUR0000SEFK02,2015-12-01,201.757
CUUR0000SEFK02,2015-11-01,200.597
CUUR0000SEFK02,2015-10-01,200.414
CUUR0000SEFK02,2015-09-01,201.189
CUUR0000SEFK02,2015-08-01,201.747
CUUR0000SEFK02,2015-07-01,199.332
CUUR0000SEFK02,2015-06-01,199.472
CUUR0000SEFK02,2015-05-01,201.280
CUUR0000SEFK02,2015-04-01,201.925
CUUR0000SEFK02,2015-03-01,201.495
CUUR0000SEFK02,2015-02-01,200.159
CUUR0000SEFK02,2015-01-01,200.064
CUUR0000SEFK03,2024-12-01,290.004
CUUR0000SEFK03,2024-11-01,307.320
CUUR0000SEFK03,2024-10-01,312.213
CUUR0000SEFK03,2024-09-01,305.600
CUUR0000SEFK03,2024-08-01,299.232
CUUR0000SEFK03,2024-07-01,298.233
CUUR0000SEFK03,2024-06-01,293.395
CUUR0000SEFK03,2024-05-01,292.000
CUUR0000SEFK03,2024-04-01,289.031
CUUR0000SEFK03,2024-03-01,289.583
CUUR0000SEFK03,2024-02-01,288.092
CUUR0000SEFK03,2024-01-01,292.283
CUUR0000SEFK03,2023-12-01,294.514
CUUR0000SEFK03,2023-11-01,306.679
CUUR0000SEFK03,2023-10-01,301.922
CUUR0000SEFK03,2023-09-01,296.557
CUUR0000SEFK03,2023-08-01,293.631
CUUR0000SEFK03,2023-07-01,293.798
CUUR0000SEFK03,2023-06-01,289.919
CUUR0000SEFK03,2023-05-01,299.477
CUUR0000SEFK03,2023-04-01,297.207
CUUR0000SEFK03,2023-03-01,293.528
CUUR0000SEFK03,2023-02-01,292.211
CUUR0000SEFK03,2023-01-01,288.893
CUUR0000SEFK03,2022-12-01,279.410
CUUR0000SEFK03,2022-11-01,295.214
CUUR0000SEFK03,2022-10-01,298.639
CUUR0000SEFK03,2022-09-01,303.970
CUUR0000SEFK03,2022-08-01,301.355
CUUR0000SEFK03,2022-07-01,302.645
CUUR0000SEFK03,2022-06-01,306.682
CUUR0000SEFK03,2022-05-01,316.212
CUUR0000SEFK03,2022-04-01,314.133
CUUR0000SEFK03,2022-03-01,304.733
CUUR0000SEFK03,2022-02-01,295.623
CUUR0000SEFK03,2022-01-01,278.580
CUUR0000SEFK03,2021-12-01,272.708
CUUR0000SEFK03,2021-11-01,269.521
CUUR0000SEFK03,2021-10-01,276.628
CUUR0000SEFK03,2021-09-01,275.809
CUUR0000SEFK03,2021-08-01,277.503
CUUR0000SEFK03,2021-07-01,272.548
CUUR0000SEFK03,2021-06-01,280.602
CUUR0000SEFK03,2021-05-01,272.299
CUUR0000SEFK03,2021-04-01,264.864
CUUR0000SEFK03,2021-03-01,255.056
CUUR0000SEFK03,2021-02-01,254.399
CUUR0000SEFK03,2021-01-01,251.847
CUUR0000SEFK03,2020-12-01,248.506
CUUR0000SEFK03,2020-11-01,262.747
CUUR0000SEFK03,2020-10-01,266.773
CUUR0000SEFK03,2020-09-01,266.270
CUUR0000SEFK03,2020-08-01,266.997
CUUR0000SEFK03,2020-07-01,264.260
CUUR0000SEFK03,2020-06-01,256.196
CUUR0000SEFK03,2020-05-01,249.797
CUUR0000SEFK03,2020-04-01,245.671
CUUR0000SEFK03,2020-03-01,232.223
CUUR0000SEFK03,2020-02-01,232.326
CUUR0000SEFK03,2020-01-01,238.849
CUUR0000SEFK03,2019-12-01,242.295
CUUR0000SEFK03,2019-11-01,257.927
CUUR0000SEFK03,2019-10-01,271.388
CUUR0000SEFK03,2019-09-01,265.105
CUUR0000SEFK03,2019-08-01,262.815
CUUR0000SEFK03,2019-07-01,262.994
CUUR0000SEFK03,2019-06-01,257.814
CUUR0000SEFK03,2019-05-01,255.828
CUUR0000SEFK03,2019-04-01,252.581
CUUR0000SEFK03,2019-03-01,256.720
CUUR0000SEFK03,2019-02-01,251.445
CUUR0000SEFK03,2019-01-01,253.891
CUUR0000SEFK03,2018-12-01,259.004
CUUR0000SEFK03,2018-11-01,265.781
CUUR0000SEFK03,2018-10-01,279.086
CUUR0000SEFK03,2018-09-01,284.053
CUUR0000SEFK03,2018-08-01,287.491
CUUR0000SEFK03,2018-07-01,278.488
CUUR0000SEFK03,2018-06-01,271.361
CUUR0000SEFK03,2018-05-01,265.287
CUUR0000SEFK03,2018-04-01,257.776
CUUR0000SEFK03,2018-03-01,251.797
CUUR0000SEFK03,2018-02-01,248.930
CUUR0000SEFK03,2018-01-01,246.266
CUUR0000SEFK03,2017-12-01,246.779
CUUR0000SEFK03,2017-11-01,262.887
CUUR0000SEFK03,2017-10-01,278.935
CUUR0000SEFK03,2017-09-01,269.616
CUUR0000SEFK03,2017-08-01,265.994
CUUR0000SEFK03,2017-07-01,265.484
CUUR0000SEFK03,2017-06-01,257.142
CUUR0000SEFK03,2017-05-01,241.963
CUUR0000SEFK03,2017-04-01,235.296
CUUR0000SEFK03,2017-03-01,230.793
CUUR0000SEFK03,2017-02-01,231.147
CUUR0000SEFK03,2017-01-01,231.109
CUUR0000SEFK03,2016-12-01,227.649
CUUR0000SEFK03,2016-11-01,238.448
CUUR0000SEFK03,2016-10-01,263.044
CUUR0000SEFK03,2016-09-01,263.754
CUUR0000SEFK03,2016-08-01,256.301
CUUR0000SEFK03,2016-07-01,253.145
CUUR0000SEFK03,2016-06-01,250.246
CUUR0000SEFK03,2016-05-01,242.057
CUUR0000SEFK03,2016-04-01,229.840
CUUR0000SEFK03,2016-03-01,223.133
CUUR0000SEFK03,2016-02-01,217.252
CUUR0000SEFK03,2016-01-01,218.298
CUUR0000SEFK03,2015-12-01,223.155
CUUR0000SEFK03,2015-11-01,236.456
CUUR0000SEFK03,2015-10-01,257.875
CUUR0000SEFK03,2015-09-01,253.924
CUUR0000SEFK03,2015-08-01,253.622
CUUR0000SEFK03,2015-07-01,245.604
CUUR0000SEFK03,2015-06-01,236.049
CUUR0000SEFK03,2015-05-01,232.439
CUUR0000SEFK03,2015-04-01,222.796
CUUR0000SEFK03,2015-03-01,215.472
CUUR0000SEFK03,2015-02-01,215.076
CUUR0000SEFK03,2015-01-01,216.300
CUUR0000SEFK04,2024-12-01,146.008
CUUR0000SEFK04,2024-11-01,147.739
CUUR0000SEFK04,2024-10-01,144.984
CUUR0000SEFK04,2024-09-01,142.111
CUUR0000SEFK04,2024-08-01,135.517
CUUR0000SEFK04,2024-07-01,135.613
CUUR0000SEFK04,2024-06-01,135.280
CUUR0000SEFK04,2024-05-01,144.180
CUUR0000SEFK04,2024-04-01,143.916
CUUR0000SEFK04,2024-03-01,143.302
CUUR0000SEFK04,2024-02-01,145.332
CUUR0000SEFK04,2024-01-01,147.471
CUUR0000SEFK04,2023-12-01,144.978
CUUR0000SEFK04,2023-11-01,143.069
CUUR0000SEFK04,2023-10-01,139.970
CUUR0000SEFK04,2023-09-01,133.793
CUUR0000SEFK04,2023-08-01,131.300
CUUR0000SEFK04,2023-07-01,132.805
CUUR0000SEFK04,2023-06-01,136.336
CUUR0000SEFK04,2023-05-01,136.161
CUUR0000SEFK04,2023-04-01,133.491
CUUR0000SEFK04,2023-03-01,132.328
CUUR0000SEFK04,2023-02-01,137.594
CUUR0000SEFK04,2023-01-01,137.308
CUUR0000SEFK04,2022-12-01,136.292
CUUR0000SEFK04,2022-11-01,137.687
CUUR0000SEFK04,2022-10-01,134.666
CUUR0000SEFK04,2022-09-01,133.942
CUUR0000SEFK04,2022-08-01,131.711
CUUR0000SEFK04,2022-07-01,132.905
CUUR0000SEFK04,2022-06-01,132.874
CUUR0000SEFK04,2022-05-01,137.073
CUUR0000SEFK04,2022-04-01,138.180
CUUR0000SEFK04,2022-03-01,137.280
CUUR0000SEFK04,2022-02-01,139.851
CUUR0000SEFK04,2022-01-01,135.865
CUUR0000SEFK04,2021-12-01,131.935
CUUR0000SEFK04,2021-11-01,130.522
CUUR0000SEFK04,2021-10-01,126.326
CUUR0000SEFK04,2021-09-01,124.195
CUUR0000SEFK04,2021-08-01,120.603
CUUR0000SEFK04,2021-07-01,121.615
CUUR0000SEFK04,2021-06-01,124.752
CUUR0000SEFK04,2021-05-01,130.169
CUUR0000SEFK04,2021-04-01,132.572
CUUR0000SEFK04,2021-03-01,128.459
CUUR0000SEFK04,2021-02-01,127.159
CUUR0000SEFK04,2021-01-01,124.788
CUUR0000SEFK04,2020-12-01,122.771
CUUR0000SEFK04,2020-11-01,121.144
CUUR0000SEFK04,2020-10-01,121.972
CUUR0000SEFK04,2020-09-01,117.217
CUUR0000SEFK04,2020-08-01,116.312
CUUR0000SEFK04,2020-07-01,113.149
CUUR0000SEFK04,2020-06-01,114.799
CUUR0000SEFK04,2020-05-01,121.659
CUUR0000SEFK04,2020-04-01,122.442
CUUR0000SEFK04,2020-03-01,122.423
CUUR0000SEFK04,2020-02-01,120.582
CUUR0000SEFK04,2020-01-01,119.723
CUUR0000SEFK04,2019-12-01,119.388
CUUR0000SEFK04,2019-11-01,114.989
CUUR0000SEFK04,2019-10-01,116.389
CUUR0000SEFK04,2019-09-01,111.616
CUUR0000SEFK04,2019-08-01,108.536
CUUR0000SEFK04,2019-07-01,111.029
CUUR0000SEFK04,2019-06-01,113.872
CUUR0000SEFK04,2019-05-01,120.773
CUUR0000SEFK04,2019-04-01,123.774
CUUR0000SEFK04,2019-03-01,121.242
CUUR0000SEFK04,2019-02-01,123.936
CUUR0000SEFK04,2019-01-01,125.785
CUUR0000SEFK04,2018-12-01,119.757
CUUR0000SEFK04,2018-11-01,117.500
CUUR0000SEFK04,2018-10-01,117.226
CUUR0000SEFK04,2018-09-01,115.196
CUUR0000SEFK04,2018-08-01,110.003
CUUR0000SEFK04,2018-07-01,114.735
CUUR0000SEFK04,2018-06-01,116.393
CUUR0000SEFK04,2018-05-01,121.208
CUUR0000SEFK04,2018-04-01,122.817
CUUR0000SEFK04,2018-03-01,119.470
CUUR0000SEFK04,2018-02-01,125.443
CUUR0000SEFK04,2018-01-01,129.880
CUUR0000SEFK04,2017-12-01,125.821
CUUR0000SEFK04,2017-11-01,123.751
CUUR0000SEFK04,2017-10-01,120.592
CUUR0000SEFK04,2017-09-01,116.877
CUUR0000SEFK04,2017-08-01,110.131
CUUR0000SEFK04,2017-07-01,111.437
CUUR0000SEFK04,2017-06-01,113.235
CUUR0000SEFK04,2017-05-01,124.452
CUUR0000SEFK04,2017-04-01,126.345
CUUR0000SEFK04,2017-03-01,123.408
CUUR0000SEFK04,2017-02-01,120.579
CUUR0000SEFK04,2017-01-01,122.115
CUUR0000SEFK04,2016-12-01,123.948
CUUR0000SEFK04,2016-11-01,125.391
CUUR0000SEFK04,2016-10-01,120.333
CUUR0000SEFK04,2016-09-01,113.219
CUUR0000SEFK04,2016-08-01,108.970
CUUR0000SEFK04,2016-07-01,107.286
CUUR0000SEFK04,2016-06-01,109.987
CUUR0000SEFK04,2016-05-01,122.313
CUUR0000SEFK04,2016-04-01,123.140
CUUR0000SEFK04,2016-03-01,124.367
CUUR0000SEFK04,2016-02-01,134.942
CUUR0000SEFK04,2016-01-01,131.697
CUUR0000SEFK04,2015-12-01,128.843
CUUR0000SEFK04,2015-11-01,125.727
CUUR0000SEFK04,2015-10-01,120.170
CUUR0000SEFK04,2015-09-01,113.589
CUUR0000SEFK04,2015-08-01,107.703
CUUR0000SEFK04,2015-07-01,104.413
CUUR0000SEFK04,2015-06-01,108.974
CUUR0000SEFK04,2015-05-01,120.020
CUUR0000SEFK04,2015-04-01,119.206
CUUR0000SEFK04,2015-03-01,117.910
CUUR0000SEFK04,2015-02-01,125.566
CUUR0000SEFK04,2015-01-01,127.218
CUUR0000SEFL01,2024-12-01,405.794
CUUR0000SEFL01,2024-11-01,402.500
CUUR0000SEFL01,2024-10-01,423.629
CUUR0000SEFL01,2024-09-01,432.503
CUUR0000SEFL01,2024-08-01,433.413
CUUR0000SEFL01,2024-07-01,434.691
CUUR0000SEFL01,2024-06-01,427.461
CUUR0000SEFL01,2024-05-01,423.716
CUUR0000SEFL01,2024-04-01,421.228
CUUR0000SEFL01,2024-03-01,424.479
CUUR0000SEFL01,2024-02-01,422.773
CUUR0000SEFL01,2024-01-01,420.962
CUUR0000SEFL01,2023-12-01,403.266
CUUR0000SEFL01,2023-11-01,410.579
CUUR0000SEFL01,2023-10-01,430.230
CUUR0000SEFL01,2023-09-01,448.409
CUUR0000SEFL01,2023-08-01,463.969
CUUR0000SEFL01,2023-07-01,455.949
CUUR0000SEFL01,2023-06-01,444.869
CUUR0000SEFL01,2023-05-01,437.938
CUUR0000SEFL01,2023-04-01,430.341
CUUR0000SEFL01,2023-03-01,428.283
CUUR0000SEFL01,2023-02-01,432.550
CUUR0000SEFL01,2023-01-01,422.248
CUUR0000SEFL01,2022-12-01,414.961
CUUR0000SEFL01,2022-11-01,407.501
CUUR0000SEFL01,2022-10-01,445.082
CUUR0000SEFL01,2022-09-01,458.090
CUUR0000SEFL01,2022-08-01,450.179
CUUR0000SEFL01,2022-07-01,436.751
CUUR0000SEFL01,2022-06-01,417.643
CUUR0000SEFL01,2022-05-01,408.901
CUUR0000SEFL01,2022-04-01,400.249
CUUR0000SEFL01,2022-03-01,390.547
CUUR0000SEFL01,2022-02-01,381.098
CUUR0000SEFL01,2022-01-01,375.764
CUUR0000SEFL01,2021-12-01,367.490
CUUR0000SEFL01,2021-11-01,350.548
CUUR0000SEFL01,2021-10-01,386.414
CUUR0000SEFL01,2021-09-01,389.753
CUUR0000SEFL01,2021-08-01,390.908
CUUR0000SEFL01,2021-07-01,385.554
CUUR0000SEFL01,2021-06-01,383.240
CUUR0000SEFL01,2021-05-01,376.478
CUUR0000SEFL01,2021-04-01,373.440
CUUR0000SEFL01,2021-03-01,377.550
CUUR0000SEFL01,2021-02-01,370.123
CUUR0000SEFL01,2021-01-01,375.454
CUUR0000SEFL01,2020-12-01,350.759
CUUR0000SEFL01,2020-11-01,351.417
CUUR0000SEFL01,2020-10-01,380.061
CUUR0000SEFL01,2020-09-01,376.693
CUUR0000SEFL01,2020-08-01,397.532
CUUR0000SEFL01,2020-07-01,397.984
CUUR0000SEFL01,2020-06-01,402.280
CUUR0000SEFL01,2020-05-01,395.407
CUUR0000SEFL01,2020-04-01,380.959
CUUR0000SEFL01,2020-03-01,373.131
CUUR0000SEFL01,2020-02-01,370.054
CUUR0000SEFL01,2020-01-01,370.133
CUUR0000SEFL01,2019-12-01,351.033
CUUR0000SEFL01,2019-11-01,347.904
CUUR0000SEFL01,2019-10-01,378.772
CUUR0000SEFL01,2019-09-01,377.340
CUUR0000SEFL01,2019-08-01,378.883
CUUR0000SEFL01,2019-07-01,372.192
CUUR0000SEFL01,2019-06-01,355.212
CUUR0000SEFL01,2019-05-01,363.802
CUUR0000SEFL01,2019-04-01,353.555
CUUR0000SEFL01,2019-03-01,358.300
CUUR0000SEFL01,2019-02-01,355.805
CUUR0000SEFL01,2019-01-01,351.356
CUUR0000SEFL01,2018-12-01,330.640
CUUR0000SEFL01,2018-11-01,329.364
CUUR0000SEFL01,2018-10-01,347.968
CUUR0000SEFL01,2018-09-01,348.240
CUUR0000SEFL01,2018-08-01,356.733
CUUR0000SEFL01,2018-07-01,356.259
CUUR0000SEFL01,2018-06-01,348.080
CUUR0000SEFL01,2018-05-01,342.435
CUUR0000SEFL01,2018-04-01,333.525
CUUR0000SEFL01,2018-03-01,331.902
CUUR0000SEFL01,2018-02-01,339.368
CUUR0000SEFL01,2018-01-01,335.657
CUUR0000SEFL01,2017-12-01,324.840
CUUR0000SEFL01,2017-11-01,323.967
CUUR0000SEFL01,2017-10-01,345.027
CUUR0000SEFL01,2017-09-01,346.636
CUUR0000SEFL01,2017-08-01,352.146
CUUR0000SEFL01,2017-07-01,351.767
CUUR0000SEFL01,2017-06-01,343.647
CUUR0000SEFL01,2017-05-01,342.532
CUUR0000SEFL01,2017-04-01,332.868
CUUR0000SEFL01,2017-03-01,332.092
CUUR0000SEFL01,2017-02-01,337.684
CUUR0000SEFL01,2017-01-01,332.772
CUUR0000SEFL01,2016-12-01,323.004
CUUR0000SEFL01,2016-11-01,322.355
CUUR0000SEFL01,2016-10-01,334.021
CUUR0000SEFL01,2016-09-01,343.317
CUUR0000SEFL01,2016-08-01,346.410
CUUR0000SEFL01,2016-07-01,341.527
CUUR0000SEFL01,2016-06-01,337.940
CUUR0000SEFL01,2016-05-01,335.682
CUUR0000SEFL01,2016-04-01,327.293
CUUR0000SEFL01,2016-03-01,328.190
CUUR0000SEFL01,2016-02-01,330.060
CUUR0000SEFL01,2016-01-01,326.236
CUUR0000SEFL01,2015-12-01,307.171
CUUR0000SEFL01,2015-11-01,309.410
CUUR0000SEFL01,2015-10-01,332.506
CUUR0000SEFL01,2015-09-01,336.421
CUUR0000SEFL01,2015-08-01,340.077
CUUR0000SEFL01,2015-07-01,338.801
CUUR0000SEFL01,2015-06-01,329.257
CUUR0000SEFL01,2015-05-01,333.387
CUUR0000SEFL01,2015-04-01,321.353
CUUR0000SEFL01,2015-03-01,321.860
CUUR0000SEFL01,2015-02-01,324.271
CUUR0000SEFL01,2015-01-01,328.301
CUUR0000SEFL02,2024-12-01,409.518
CUUR0000SEFL02,2024-11-01,411.102
CUUR0000SEFL02,2024-10-01,390.766
CUUR0000SEFL02,2024-09-01,394.034
CUUR0000SEFL02,2024-08-01,398.002
CUUR0000SEFL02,2024-07-01,407.638
CUUR0000SEFL02,2024-06-01,408.247
CUUR0000SEFL02,2024-05-01,416.052
CUUR0000SEFL02,2024-04-01,416.278
CUUR0000SEFL02,2024-03-01,409.464
CUUR0000SEFL02,2024-02-01,385.117
CUUR0000SEFL02,2024-01-01,385.519
CUUR0000SEFL02,2023-12-01,392.374
CUUR0000SEFL02,2023-11-01,406.738
CUUR0000SEFL02,2023-10-01,397.336
CUUR0000SEFL02,2023-09-01,391.509
CUUR0000SEFL02,2023-08-01,390.431
CUUR0000SEFL02,2023-07-01,398.761
CUUR0000SEFL02,2023-06-01,398.196
CUUR0000SEFL02,2023-05-01,411.932
CUUR0000SEFL02,2023-04-01,398.562
CUUR0000SEFL02,2023-03-01,386.943
CUUR0000SEFL02,2023-02-01,410.066
CUUR0000SEFL02,2023-01-01,436.546
CUUR0000SEFL02,2022-12-01,471.238
CUUR0000SEFL02,2022-11-01,452.899
CUUR0000SEFL02,2022-10-01,416.065
CUUR0000SEFL02,2022-09-01,402.682
CUUR0000SEFL02,2022-08-01,377.138
CUUR0000SEFL02,2022-07-01,373.967
CUUR0000SEFL02,2022-06-01,377.604
CUUR0000SEFL02,2022-05-01,376.486
CUUR0000SEFL02,2022-04-01,383.518
CUUR0000SEFL02,2022-03-01,382.519
CUUR0000SEFL02,2022-02-01,371.389
CUUR0000SEFL02,2022-01-01,372.472
CUUR0000SEFL02,2021-12-01,377.197
CUUR0000SEFL02,2021-11-01,378.033
CUUR0000SEFL02,2021-10-01,353.471
CUUR0000SEFL02,2021-09-01,348.185
CUUR0000SEFL02,2021-08-01,340.784
CUUR0000SEFL02,2021-07-01,344.304
CUUR0000SEFL02,2021-06-01,339.031
CUUR0000SEFL02,2021-05-01,337.942
CUUR0000SEFL02,2021-04-01,340.343
CUUR0000SEFL02,2021-03-01,341.387
CUUR0000SEFL02,2021-02-01,344.154
CUUR0000SEFL02,2021-01-01,350.892
CUUR0000SEFL02,2020-12-01,364.916
CUUR0000SEFL02,2020-11-01,366.381
CUUR0000SEFL02,2020-10-01,355.621
CUUR0000SEFL02,2020-09-01,331.710
CUUR0000SEFL02,2020-08-01,323.843
CUUR0000SEFL02,2020-07-01,327.740
CUUR0000SEFL02,2020-06-01,322.566
CUUR0000SEFL02,2020-05-01,324.130
CUUR0000SEFL02,2020-04-01,323.722
CUUR0000SEFL02,2020-03-01,323.178
CUUR0000SEFL02,2020-02-01,324.882
CUUR0000SEFL02,2020-01-01,337.029
CUUR0000SEFL02,2019-12-01,335.223
CUUR0000SEFL02,2019-11-01,341.849
CUUR0000SEFL02,2019-10-01,321.697
CUUR0000SEFL02,2019-09-01,307.661
CUUR0000SEFL02,2019-08-01,317.359
CUUR0000SEFL02,2019-07-01,326.245
CUUR0000SEFL02,2019-06-01,301.371
CUUR0000SEFL02,2019-05-01,311.239
CUUR0000SEFL02,2019-04-01,330.310
CUUR0000SEFL02,2019-03-01,337.276
CUUR0000SEFL02,2019-02-01,323.848
CUUR0000SEFL02,2019-01-01,313.112
CUUR0000SEFL02,2018-12-01,338.563
CUUR0000SEFL02,2018-11-01,298.639
CUUR0000SEFL02,2018-10-01,297.784
CUUR0000SEFL02,2018-09-01,288.439
CUUR0000SEFL02,2018-08-01,291.034
CUUR0000SEFL02,2018-07-01,285.780
CUUR0000SEFL02,2018-06-01,276.300
CUUR0000SEFL02,2018-05-01,288.686
CUUR0000SEFL02,2018-04-01,284.883
CUUR0000SEFL02,2018-03-01,283.545
CUUR0000SEFL02,2018-02-01,282.851
CUUR0000SEFL02,2018-01-01,284.309
CUUR0000SEFL02,2017-12-01,294.311
CUUR0000SEFL02,2017-11-01,298.787
CUUR0000SEFL02,2017-10-01,299.211
CUUR0000SEFL02,2017-09-01,288.115
CUUR0000SEFL02,2017-08-01,289.485
CUUR0000SEFL02,2017-07-01,281.293
CUUR0000SEFL02,2017-06-01,297.782
CUUR0000SEFL02,2017-05-01,325.013
CUUR0000SEFL02,2017-04-01,331.262
CUUR0000SEFL02,2017-03-01,291.218
CUUR0000SEFL02,2017-02-01,287.138
CUUR0000SEFL02,2017-01-01,273.082
CUUR0000SEFL02,2016-12-01,283.702
CUUR0000SEFL02,2016-11-01,281.249
CUUR0000SEFL02,2016-10-01,277.571
CUUR0000SEFL02,2016-09-01,280.744
CUUR0000SEFL02,2016-08-01,284.397
CUUR0000SEFL02,2016-07-01,284.513
CUUR0000SEFL02,2016-06-01,296.081
CUUR0000SEFL02,2016-05-01,303.296
CUUR0000SEFL02,2016-04-01,289.766
CUUR0000SEFL02,2016-03-01,299.284
CUUR0000SEFL02,2016-02-01,317.709
CUUR0000SEFL02,2016-01-01,328.236
CUUR0000SEFL02,2015-12-01,341.425
CUUR0000SEFL02,2015-11-01,331.356
CUUR0000SEFL02,2015-10-01,315.072
CUUR0000SEFL02,2015-09-01,307.358
CUUR0000SEFL02,2015-08-01,291.645
CUUR0000SEFL02,2015-07-01,292.679
CUUR0000SEFL02,2015-06-01,302.335
CUUR0000SEFL02,2015-05-01,303.752
CUUR0000SEFL02,2015-04-01,297.107
CUUR0000SEFL02,2015-03-01,311.368
CUUR0000SEFL02,2015-02-01,331.517
CUUR0000SEFL02,2015-01-01,331.185
CUUR0000SEFL03,2024-12-01,368.274
CUUR0000SEFL03,2024-11-01,362.651
CUUR0000SEFL03,2024-10-01,351.627
CUUR0000SEFL03,2024-09-01,353.372
CUUR0000SEFL03,2024-08-01,360.632
CUUR0000SEFL03,2024-07-01,355.918
CUUR0000SEFL03,2024-06-01,346.809
CUUR0000SEFL03,2024-05-01,348.470
CUUR0000SEFL03,2024-04-01,358.278
CUUR0000SEFL03,2024-03-01,368.780
CUUR0000SEFL03,2024-02-01,382.323
CUUR0000SEFL03,2024-01-01,380.774
CUUR0000SEFL03,2023-12-01,362.546
CUUR0000SEFL03,2023-11-01,358.148
CUUR0000SEFL03,2023-10-01,347.495
CUUR0000SEFL03,2023-09-01,350.142
CUUR0000SEFL03,2023-08-01,346.990
CUUR0000SEFL03,2023-07-01,348.881
CUUR0000SEFL03,2023-06-01,350.732
CUUR0000SEFL03,2023-05-01,335.461
CUUR0000SEFL03,2023-04-01,342.056
CUUR0000SEFL03,2023-03-01,352.798
CUUR0000SEFL03,2023-02-01,365.251
CUUR0000SEFL03,2023-01-01,374.035
CUUR0000SEFL03,2022-12-01,390.595
CUUR0000SEFL03,2022-11-01,374.731
CUUR0000SEFL03,2022-10-01,357.037
CUUR0000SEFL03,2022-09-01,348.159
CUUR0000SEFL03,2022-08-01,350.760
CUUR0000SEFL03,2022-07-01,342.081
CUUR0000SEFL03,2022-06-01,350.437
CUUR0000SEFL03,2022-05-01,347.659
CUUR0000SEFL03,2022-04-01,348.275
CUUR0000SEFL03,2022-03-01,351.782
CUUR0000SEFL03,2022-02-01,353.178
CUUR0000SEFL03,2022-01-01,359.932
CUUR0000SEFL03,2021-12-01,358.104
CUUR0000SEFL03,2021-11-01,361.717
CUUR0000SEFL03,2021-10-01,353.868
CUUR0000SEFL03,2021-09-01,351.828
CUUR0000SEFL03,2021-08-01,351.451
CUUR0000SEFL03,2021-07-01,346.862
CUUR0000SEFL03,2021-06-01,348.261
CUUR0000SEFL03,2021-05-01,340.697
CUUR0000SEFL03,2021-04-01,347.055
CUUR0000SEFL03,2021-03-01,346.026
CUUR0000SEFL03,2021-02-01,349.198
CUUR0000SEFL03,2021-01-01,356.149
CUUR0000SEFL03,2020-12-01,352.360
CUUR0000SEFL03,2020-11-01,351.226
CUUR0000SEFL03,2020-10-01,353.223
CUUR0000SEFL03,2020-09-01,348.353
CUUR0000SEFL03,2020-08-01,347.027
CUUR0000SEFL03,2020-07-01,349.717
CUUR0000SEFL03,2020-06-01,347.268
CUUR0000SEFL03,2020-05-01,343.868
CUUR0000SEFL03,2020-04-01,351.820
CUUR0000SEFL03,2020-03-01,364.552
CUUR0000SEFL03,2020-02-01,356.969
CUUR0000SEFL03,2020-01-01,361.063
CUUR0000SEFL03,2019-12-01,337.043
CUUR0000SEFL03,2019-11-01,329.771
CUUR0000SEFL03,2019-10-01,320.159
CUUR0000SEFL03,2019-09-01,323.252
CUUR0000SEFL03,2019-08-01,323.458
CUUR0000SEFL03,2019-07-01,319.464
CUUR0000SEFL03,2019-06-01,320.403
CUUR0000SEFL03,2019-05-01,315.952
CUUR0000SEFL03,2019-04-01,329.053
CUUR0000SEFL03,2019-03-01,338.164
CUUR0000SEFL03,2019-02-01,343.612
CUUR0000SEFL03,2019-01-01,359.433
CUUR0000SEFL03,2018-12-01,365.078
CUUR0000SEFL03,2018-11-01,346.080
CUUR0000SEFL03,2018-10-01,322.017
CUUR0000SEFL03,2018-09-01,323.460
CUUR0000SEFL03,2018-08-01,322.013
CUUR0000SEFL03,2018-07-01,325.122
CUUR0000SEFL03,2018-06-01,323.344
CUUR0000SEFL03,2018-05-01,312.341
CUUR0000SEFL03,2018-04-01,325.654
CUUR0000SEFL03,2018-03-01,334.656
CUUR0000SEFL03,2018-02-01,345.287
CUUR0000SEFL03,2018-01-01,378.157
CUUR0000SEFL03,2017-12-01,359.201
CUUR0000SEFL03,2017-11-01,335.432
CUUR0000SEFL03,2017-10-01,324.215
CUUR0000SEFL03,2017-09-01,322.746
CUUR0000SEFL03,2017-08-01,319.472
CUUR0000SEFL03,2017-07-01,320.481
CUUR0000SEFL03,2017-06-01,319.463
CUUR0000SEFL03,2017-05-01,310.957
CUUR0000SEFL03,2017-04-01,320.142
CUUR0000SEFL03,2017-03-01,317.552
CUUR0000SEFL03,2017-02-01,323.958
CUUR0000SEFL03,2017-01-01,324.704
CUUR0000SEFL03,2016-12-01,328.824
CUUR0000SEFL03,2016-11-01,336.561
CUUR0000SEFL03,2016-10-01,338.712
CUUR0000SEFL03,2016-09-01,321.369
CUUR0000SEFL03,2016-08-01,312.826
CUUR0000SEFL03,2016-07-01,308.065
CUUR0000SEFL03,2016-06-01,306.777
CUUR0000SEFL03,2016-05-01,306.990
CUUR0000SEFL03,2016-04-01,330.271
CUUR0000SEFL03,2016-03-01,346.582
CUUR0000SEFL03,2016-02-01,373.566
CUUR0000SEFL03,2016-01-01,397.785
CUUR0000SEFL03,2015-12-01,345.131
CUUR0000SEFL03,2015-11-01,342.969
CUUR0000SEFL03,2015-10-01,327.462
CUUR0000SEFL03,2015-09-01,320.101
CUUR0000SEFL03,2015-08-01,312.864
CUUR0000SEFL03,2015-07-01,312.797
CUUR0000SEFL03,2015-06-01,309.722
CUUR0000SEFL03,2015-05-01,314.359
CUUR0000SEFL03,2015-04-01,329.365
CUUR0000SEFL03,2015-03-01,331.613
CUUR0000SEFL03,2015-02-01,337.283
CUUR0000SEFL03,2015-01-01,367.812
CUUR0000SEFL04,2024-12-01,385.639
CUUR0000SEFL04,2024-11-01,381.581
CUUR0000SEFL04,2024-10-01,377.955
CUUR0000SEFL04,2024-09-01,375.963
CUUR0000SEFL04,2024-08-01,372.508
CUUR0000SEFL04,2024-07-01,377.321
CUUR0000SEFL04,2024-06-01,373.921
CUUR0000SEFL04,2024-05-01,374.655
CUUR0000SEFL04,2024-04-01,374.059
CUUR0000SEFL04,2024-03-01,376.849
CUUR0000SEFL04,2024-02-01,382.529
CUUR0000SEFL04,2024-01-01,382.051
CUUR0000SEFL04,2023-12-01,370.845
CUUR0000SEFL04,2023-11-01,370.866
CUUR0000SEFL04,2023-10-01,371.917
CUUR0000SEFL04,2023-09-01,371.354
CUUR0000SEFL04,2023-08-01,372.192
CUUR0000SEFL04,2023-07-01,372.503
CUUR0000SEFL04,2023-06-01,371.472
CUUR0000SEFL04,2023-05-01,369.777
CUUR0000SEFL04,2023-04-01,364.561
CUUR0000SEFL04,2023-03-01,365.064
CUUR0000SEFL04,2023-02-01,369.993
CUUR0000SEFL04,2023-01-01,378.017
CUUR0000SEFL04,2022-12-01,374.630
CUUR0000SEFL04,2022-11-01,376.928
CUUR0000SEFL04,2022-10-01,374.575
CUUR0000SEFL04,2022-09-01,373.516
CUUR0000SEFL04,2022-08-01,369.007
CUUR0000SEFL04,2022-07-01,369.117
CUUR0000SEFL04,2022-06-01,367.138
CUUR0000SEFL04,2022-05-01,366.161
CUUR0000SEFL04,2022-04-01,363.004
CUUR0000SEFL04,2022-03-01,365.095
CUUR0000SEFL04,2022-02-01,359.581
CUUR0000SEFL04,2022-01-01,358.774
CUUR0000SEFL04,2021-12-01,353.663
CUUR0000SEFL04,2021-11-01,350.993
CUUR0000SEFL04,2021-10-01,351.578
CUUR0000SEFL04,2021-09-01,344.669
CUUR0000SEFL04,2021-08-01,344.888
CUUR0000SEFL04,2021-07-01,342.577
CUUR0000SEFL04,2021-06-01,344.814
CUUR0000SEFL04,2021-05-01,345.473
CUUR0000SEFL04,2021-04-01,341.527
CUUR0000SEFL04,2021-03-01,342.940
CUUR0000SEFL04,2021-02-01,343.270
CUUR0000SEFL04,2021-01-01,347.150
CUUR0000SEFL04,2020-12-01,347.528
CUUR0000SEFL04,2020-11-01,342.770
CUUR0000SEFL04,2020-10-01,342.451
CUUR0000SEFL04,2020-09-01,343.017
CUUR0000SEFL04,2020-08-01,342.571
CUUR0000SEFL04,2020-07-01,345.876
CUUR0000SEFL04,2020-06-01,343.120
CUUR0000SEFL04,2020-05-01,340.369
CUUR0000SEFL04,2020-04-01,336.517
CUUR0000SEFL04,2020-03-01,331.212
CUUR0000SEFL04,2020-02-01,339.797
CUUR0000SEFL04,2020-01-01,343.360
CUUR0000SEFL04,2019-12-01,333.702
CUUR0000SEFL04,2019-11-01,334.546
CUUR0000SEFL04,2019-10-01,334.928
CUUR0000SEFL04,2019-09-01,332.013
CUUR0000SEFL04,2019-08-01,337.844
CUUR0000SEFL04,2019-07-01,337.188
CUUR0000SEFL04,2019-06-01,340.094
CUUR0000SEFL04,2019-05-01,344.173
CUUR0000SEFL04,2019-04-01,344.333
CUUR0000SEFL04,2019-03-01,347.396
CUUR0000SEFL04,2019-02-01,348.228
CUUR0000SEFL04,2019-01-01,348.098
CUUR0000SEFL04,2018-12-01,341.438
CUUR0000SEFL04,2018-11-01,337.035
CUUR0000SEFL04,2018-10-01,333.247
CUUR0000SEFL04,2018-09-01,327.855
CUUR0000SEFL04,2018-08-01,327.000
CUUR0000SEFL04,2018-07-01,326.704
CUUR0000SEFL04,2018-06-01,323.450
CUUR0000SEFL04,2018-05-01,326.325
CUUR0000SEFL04,2018-04-01,324.680
CUUR0000SEFL04,2018-03-01,324.430
CUUR0000SEFL04,2018-02-01,328.286
CUUR0000SEFL04,2018-01-01,331.893
CUUR0000SEFL04,2017-12-01,328.254
CUUR0000SEFL04,2017-11-01,326.862
CUUR0000SEFL04,2017-10-01,328.696
CUUR0000SEFL04,2017-09-01,324.070
CUUR0000SEFL04,2017-08-01,323.841
CUUR0000SEFL04,2017-07-01,325.563
CUUR0000SEFL04,2017-06-01,325.367
CUUR0000SEFL04,2017-05-01,328.910
CUUR0000SEFL04,2017-04-01,329.885
CUUR0000SEFL04,2017-03-01,321.189
CUUR0000SEFL04,2017-02-01,322.054
CUUR0000SEFL04,2017-01-01,321.452
CUUR0000SEFL04,2016-12-01,320.377
CUUR0000SEFL04,2016-11-01,317.277
CUUR0000SEFL04,2016-10-01,315.299
CUUR0000SEFL04,2016-09-01,314.467
CUUR0000SEFL04,2016-08-01,316.752
CUUR0000SEFL04,2016-07-01,322.268
CUUR0000SEFL04,2016-06-01,321.965
CUUR0000SEFL04,2016-05-01,320.165
CUUR0000SEFL04,2016-04-01,328.673
CUUR0000SEFL04,2016-03-01,336.333
CUUR0000SEFL04,2016-02-01,347.320
CUUR0000SEFL04,2016-01-01,347.064
CUUR0000SEFL04,2015-12-01,335.785
CUUR0000SEFL04,2015-11-01,330.298
CUUR0000SEFL04,2015-10-01,326.023
CUUR0000SEFL04,2015-09-01,323.218
CUUR0000SEFL04,2015-08-01,318.212
CUUR0000SEFL04,2015-07-01,313.248
CUUR0000SEFL04,2015-06-01,320.761
CUUR0000SEFL04,2015-05-01,318.554
CUUR0000SEFL04,2015-04-01,320.527
CUUR0000SEFL04,2015-03-01,324.043
CUUR0000SEFL04,2015-02-01,323.989
CUUR0000SEFL04,2015-01-01,329.486
CUUR0000SEFM01,2024-12-01,212.883
CUUR0000SEFM01,2024-11-01,208.790
CUUR0000SEFM01,2024-10-01,215.523
CUUR0000SEFM01,2024-09-01,216.774
CUUR0000SEFM01,2024-08-01,217.020
CUUR0000SEFM01,2024-07-01,218.424
CUUR0000SEFM01,2024-06-01,217.783
CUUR0000SEFM01,2024-05-01,217.360
CUUR0000SEFM01,2024-04-01,217.134
CUUR0000SEFM01,2024-03-01,216.778
CUUR0000SEFM01,2024-02-01,215.793
CUUR0000SEFM01,2024-01-01,215.444
CUUR0000SEFM01,2023-12-01,214.317
CUUR0000SEFM01,2023-11-01,210.827
CUUR0000SEFM01,2023-10-01,217.223
CUUR0000SEFM01,2023-09-01,216.101
CUUR0000SEFM01,2023-08-01,214.322
CUUR0000SEFM01,2023-07-01,215.537
CUUR0000SEFM01,2023-06-01,212.930
CUUR0000SEFM01,2023-05-01,211.946
CUUR0000SEFM01,2023-04-01,209.815
CUUR0000SEFM01,2023-03-01,211.166
CUUR0000SEFM01,2023-02-01,212.165
CUUR0000SEFM01,2023-01-01,210.102
CUUR0000SEFM01,2022-12-01,209.373
CUUR0000SEFM01,2022-11-01,207.403
CUUR0000SEFM01,2022-10-01,210.491
CUUR0000SEFM01,2022-09-01,208.550
CUUR0000SEFM01,2022-08-01,205.107
CUUR0000SEFM01,2022-07-01,201.348
CUUR0000SEFM01,2022-06-01,199.028
CUUR0000SEFM01,2022-05-01,196.701
CUUR0000SEFM01,2022-04-01,191.564
CUUR0000SEFM01,2022-03-01,191.670
CUUR0000SEFM01,2022-02-01,185.295
CUUR0000SEFM01,2022-01-01,181.418
CUUR0000SEFM01,2021-12-01,176.863
CUUR0000SEFM01,2021-11-01,175.229
CUUR0000SEFM01,2021-10-01,177.396
CUUR0000SEFM01,2021-09-01,175.253
CUUR0000SEFM01,2021-08-01,175.917
CUUR0000SEFM01,2021-07-01,176.602
CUUR0000SEFM01,2021-06-01,175.443
CUUR0000SEFM01,2021-05-01,175.530
CUUR0000SEFM01,2021-04-01,173.585
CUUR0000SEFM01,2021-03-01,172.353
CUUR0000SEFM01,2021-02-01,172.091
CUUR0000SEFM01,2021-01-01,170.968
CUUR0000SEFM01,2020-12-01,169.633
CUUR0000SEFM01,2020-11-01,168.186
CUUR0000SEFM01,2020-10-01,168.440
CUUR0000SEFM01,2020-09-01,171.087
CUUR0000SEFM01,2020-08-01,170.290
CUUR0000SEFM01,2020-07-01,171.562
CUUR0000SEFM01,2020-06-01,171.793
CUUR0000SEFM01,2020-05-01,170.346
CUUR0000SEFM01,2020-04-01,169.917
CUUR0000SEFM01,2020-03-01,164.599
CUUR0000SEFM01,2020-02-01,164.047
CUUR0000SEFM01,2020-01-01,163.242
CUUR0000SEFM01,2019-12-01,161.607
CUUR0000SEFM01,2019-11-01,160.047
CUUR0000SEFM01,2019-10-01,163.841
CUUR0000SEFM01,2019-09-01,164.878
CUUR0000SEFM01,2019-08-01,164.800
CUUR0000SEFM01,2019-07-01,163.496
CUUR0000SEFM01,2019-06-01,165.988
CUUR0000SEFM01,2019-05-01,166.625
CUUR0000SEFM01,2019-04-01,163.448
CUUR0000SEFM01,2019-03-01,165.811
CUUR0000SEFM01,2019-02-01,164.271
CUUR0000SEFM01,2019-01-01,160.057
CUUR0000SEFM01,2018-12-01,157.383
CUUR0000SEFM01,2018-11-01,154.905
CUUR0000SEFM01,2018-10-01,158.735
CUUR0000SEFM01,2018-09-01,161.484
CUUR0000SEFM01,2018-08-01,161.316
CUUR0000SEFM01,2018-07-01,158.927
CUUR0000SEFM01,2018-06-01,159.713
CUUR0000SEFM01,2018-05-01,160.160
CUUR0000SEFM01,2018-04-01,158.884
CUUR0000SEFM01,2018-03-01,156.410
CUUR0000SEFM01,2018-02-01,158.107
CUUR0000SEFM01,2018-01-01,158.936
CUUR0000SEFM01,2017-12-01,152.621
CUUR0000SEFM01,2017-11-01,153.843
CUUR0000SEFM01,2017-10-01,156.015
CUUR0000SEFM01,2017-09-01,158.486
CUUR0000SEFM01,2017-08-01,159.613
CUUR0000SEFM01,2017-07-01,158.727
CUUR0000SEFM01,2017-06-01,159.396
CUUR0000SEFM01,2017-05-01,159.918
CUUR0000SEFM01,2017-04-01,158.996
CUUR0000SEFM01,2017-03-01,160.241
CUUR0000SEFM01,2017-02-01,160.710
CUUR0000SEFM01,2017-01-01,159.891
CUUR0000SEFM01,2016-12-01,159.139
CUUR0000SEFM01,2016-11-01,157.710
CUUR0000SEFM01,2016-10-01,161.647
CUUR0000SEFM01,2016-09-01,161.475
CUUR0000SEFM01,2016-08-01,162.967
CUUR0000SEFM01,2016-07-01,163.642
CUUR0000SEFM01,2016-06-01,163.152
CUUR0000SEFM01,2016-05-01,163.836
CUUR0000SEFM01,2016-04-01,162.993
CUUR0000SEFM01,2016-03-01,161.129
CUUR0000SEFM01,2016-02-01,163.151
CUUR0000SEFM01,2016-01-01,163.174
CUUR0000SEFM01,2015-12-01,158.430
CUUR0000SEFM01,2015-11-01,158.670
CUUR0000SEFM01,2015-10-01,160.605
CUUR0000SEFM01,2015-09-01,164.571
CUUR0000SEFM01,2015-08-01,165.282
CUUR0000SEFM01,2015-07-01,165.840
CUUR0000SEFM01,2015-06-01,164.369
CUUR0000SEFM01,2015-05-01,164.418
CUUR0000SEFM01,2015-04-01,162.576
CUUR0000SEFM01,2015-03-01,161.899
CUUR0000SEFM01,2015-02-01,164.133
CUUR0000SEFM01,2015-01-01,161.960
CUUR0000SEFM02,2024-12-01,181.923
CUUR0000SEFM02,2024-11-01,182.983
CUUR0000SEFM02,2024-10-01,187.262
CUUR0000SEFM02,2024-09-01,185.651
CUUR0000SEFM02,2024-08-01,186.349
CUUR0000SEFM02,2024-07-01,187.085
CUUR0000SEFM02,2024-06-01,187.264
CUUR0000SEFM02,2024-05-01,188.816
CUUR0000SEFM02,2024-04-01,188.124
CUUR0000SEFM02,2024-03-01,186.542
CUUR0000SEFM02,2024-02-01,187.249
CUUR0000SEFM02,2024-01-01,186.672
CUUR0000SEFM02,2023-12-01,185.691
CUUR0000SEFM02,2023-11-01,184.937
CUUR0000SEFM02,2023-10-01,190.659
CUUR0000SEFM02,2023-09-01,189.783
CUUR0000SEFM02,2023-08-01,189.463
CUUR0000SEFM02,2023-07-01,190.385
CUUR0000SEFM02,2023-06-01,190.689
CUUR0000SEFM02,2023-05-01,189.457
CUUR0000SEFM02,2023-04-01,185.550
CUUR0000SEFM02,2023-03-01,188.170
CUUR0000SEFM02,2023-02-01,188.216
CUUR0000SEFM02,2023-01-01,179.755
CUUR0000SEFM02,2022-12-01,178.748
CUUR0000SEFM02,2022-11-01,177.246
CUUR0000SEFM02,2022-10-01,176.616
CUUR0000SEFM02,2022-09-01,175.564
CUUR0000SEFM02,2022-08-01,172.141
CUUR0000SEFM02,2022-07-01,170.351
CUUR0000SEFM02,2022-06-01,169.463
CUUR0000SEFM02,2022-05-01,167.805
CUUR0000SEFM02,2022-04-01,165.746
CUUR0000SEFM02,2022-03-01,163.465
CUUR0000SEFM02,2022-02-01,162.581
CUUR0000SEFM02,2022-01-01,159.389
CUUR0000SEFM02,2021-12-01,158.286
CUUR0000SEFM02,2021-11-01,154.305
CUUR0000SEFM02,2021-10-01,154.844
CUUR0000SEFM02,2021-09-01,153.885
CUUR0000SEFM02,2021-08-01,154.547
CUUR0000SEFM02,2021-07-01,153.961
CUUR0000SEFM02,2021-06-01,153.792
CUUR0000SEFM02,2021-05-01,153.741
CUUR0000SEFM02,2021-04-01,153.594
CUUR0000SEFM02,2021-03-01,150.927
CUUR0000SEFM02,2021-02-01,150.055
CUUR0000SEFM02,2021-01-01,151.110
CUUR0000SEFM02,2020-12-01,149.923
CUUR0000SEFM02,2020-11-01,150.120
CUUR0000SEFM02,2020-10-01,152.444
CUUR0000SEFM02,2020-09-01,152.172
CUUR0000SEFM02,2020-08-01,152.291
CUUR0000SEFM02,2020-07-01,152.077
CUUR0000SEFM02,2020-06-01,152.979
CUUR0000SEFM02,2020-05-01,152.234
CUUR0000SEFM02,2020-04-01,150.468
CUUR0000SEFM02,2020-03-01,145.935
CUUR0000SEFM02,2020-02-01,144.953
CUUR0000SEFM02,2020-01-01,145.137
CUUR0000SEFM02,2019-12-01,142.654
CUUR0000SEFM02,2019-11-01,144.163
CUUR0000SEFM02,2019-10-01,144.030
CUUR0000SEFM02,2019-09-01,142.756
CUUR0000SEFM02,2019-08-01,143.953
CUUR0000SEFM02,2019-07-01,146.046
CUUR0000SEFM02,2019-06-01,145.905
CUUR0000SEFM02,2019-05-01,143.271
CUUR0000SEFM02,2019-04-01,144.172
CUUR0000SEFM02,2019-03-01,144.756
CUUR0000SEFM02,2019-02-01,143.653
CUUR0000SEFM02,2019-01-01,142.085
CUUR0000SEFM02,2018-12-01,142.188
CUUR0000SEFM02,2018-11-01,144.210
CUUR0000SEFM02,2018-10-01,145.115
CUUR0000SEFM02,2018-09-01,145.235
CUUR0000SEFM02,2018-08-01,146.043
CUUR0000SEFM02,2018-07-01,146.312
CUUR0000SEFM02,2018-06-01,145.556
CUUR0000SEFM02,2018-05-01,145.385
CUUR0000SEFM02,2018-04-01,147.710
CUUR0000SEFM02,2018-03-01,146.604
CUUR0000SEFM02,2018-02-01,147.197
CUUR0000SEFM02,2018-01-01,145.334
CUUR0000SEFM02,2017-12-01,145.825
CUUR0000SEFM02,2017-11-01,145.368
CUUR0000SEFM02,2017-10-01,149.062
CUUR0000SEFM02,2017-09-01,148.321
CUUR0000SEFM02,2017-08-01,150.392
CUUR0000SEFM02,2017-07-01,150.469
CUUR0000SEFM02,2017-06-01,151.437
CUUR0000SEFM02,2017-05-01,149.852
CUUR0000SEFM02,2017-04-01,149.478
CUUR0000SEFM02,2017-03-01,148.344
CUUR0000SEFM02,2017-02-01,147.662
CUUR0000SEFM02,2017-01-01,147.600
CUUR0000SEFM02,2016-12-01,146.034
CUUR0000SEFM02,2016-11-01,148.267
CUUR0000SEFM02,2016-10-01,148.544
CUUR0000SEFM02,2016-09-01,147.498
CUUR0000SEFM02,2016-08-01,149.574
CUUR0000SEFM02,2016-07-01,150.847
CUUR0000SEFM02,2016-06-01,150.020
CUUR0000SEFM02,2016-05-01,149.431
CUUR0000SEFM02,2016-04-01,150.471
CUUR0000SEFM02,2016-03-01,147.295
CUUR0000SEFM02,2016-02-01,146.990
CUUR0000SEFM02,2016-01-01,147.622
CUUR0000SEFM02,2015-12-01,145.167
CUUR0000SEFM02,2015-11-01,146.176
CUUR0000SEFM02,2015-10-01,147.523
CUUR0000SEFM02,2015-09-01,149.752
CUUR0000SEFM02,2015-08-01,149.747
CUUR0000SEFM02,2015-07-01,149.047
CUUR0000SEFM02,2015-06-01,148.869
CUUR0000SEFM02,2015-05-01,149.977
CUUR0000SEFM02,2015-04-01,146.168
CUUR0000SEFM02,2015-03-01,146.541
CUUR0000SEFM02,2015-02-01,147.501
CUUR0000SEFM02,2015-01-01,147.597
CUUR0000SEFM03,2024-12-01,193.164
CUUR0000SEFM03,2024-11-01,191.375
CUUR0000SEFM03,2024-10-01,193.477
CUUR0000SEFM03,2024-09-01,194.620
CUUR0000SEFM03,2024-08-01,193.556
CUUR0000SEFM03,2024-07-01,195.399
CUUR0000SEFM03,2024-06-01,194.397
CUUR0000SEFM03,2024-05-01,194.753
CUUR0000SEFM03,2024-04-01,192.182
CUUR0000SEFM03,2024-03-01,190.215
CUUR0000SEFM03,2024-02-01,188.341
CUUR0000SEFM03,2024-01-01,189.109
CUUR0000SEFM03,2023-12-01,187.024
CUUR0000SEFM03,2023-11-01,183.994
CUUR0000SEFM03,2023-10-01,189.304
CUUR0000SEFM03,2023-09-01,188.710
CUUR0000SEFM03,2023-08-01,189.208
CUUR0000SEFM03,2023-07-01,190.230
CUUR0000SEFM03,2023-06-01,190.050
CUUR0000SEFM03,2023-05-01,190.079
CUUR0000SEFM03,2023-04-01,185.414
CUUR0000SEFM03,2023-03-01,185.910
CUUR0000SEFM03,2023-02-01,187.616
CUUR0000SEFM03,2023-01-01,188.305
CUUR0000SEFM03,2022-12-01,183.948
CUUR0000SEFM03,2022-11-01,179.048
CUUR0000SEFM03,2022-10-01,180.795
CUUR0000SEFM03,2022-09-01,181.602
CUUR0000SEFM03,2022-08-01,180.412
CUUR0000SEFM03,2022-07-01,179.901
CUUR0000SEFM03,2022-06-01,176.107
CUUR0000SEFM03,2022-05-01,173.895
CUUR0000SEFM03,2022-04-01,172.525
CUUR0000SEFM03,2022-03-01,172.266
CUUR0000SEFM03,2022-02-01,168.941
CUUR0000SEFM03,2022-01-01,166.376
CUUR0000SEFM03,2021-12-01,164.454
CUUR0000SEFM03,2021-11-01,162.161
CUUR0000SEFM03,2021-10-01,161.913
CUUR0000SEFM03,2021-09-01,163.051
CUUR0000SEFM03,2021-08-01,160.111
CUUR0000SEFM03,2021-07-01,160.302
CUUR0000SEFM03,2021-06-01,161.500
CUUR0000SEFM03,2021-05-01,162.072
CUUR0000SEFM03,2021-04-01,161.741
CUUR0000SEFM03,2021-03-01,160.861
CUUR0000SEFM03,2021-02-01,159.154
CUUR0000SEFM03,2021-01-01,158.548
CUUR0000SEFM03,2020-12-01,159.609
CUUR0000SEFM03,2020-11-01,156.596
CUUR0000SEFM03,2020-10-01,159.257
CUUR0000SEFM03,2020-09-01,161.635
CUUR0000SEFM03,2020-08-01,162.792
CUUR0000SEFM03,2020-07-01,161.714
CUUR0000SEFM03,2020-06-01,161.668
CUUR0000SEFM03,2020-05-01,162.303
CUUR0000SEFM03,2020-04-01,157.358
CUUR0000SEFM03,2020-03-01,156.190
CUUR0000SEFM03,2020-02-01,155.259
CUUR0000SEFM03,2020-01-01,155.027
CUUR0000SEFM03,2019-12-01,154.022
CUUR0000SEFM03,2019-11-01,154.612
CUUR0000SEFM03,2019-10-01,153.427
CUUR0000SEFM03,2019-09-01,153.146
CUUR0000SEFM03,2019-08-01,152.814
CUUR0000SEFM03,2019-07-01,155.622
CUUR0000SEFM03,2019-06-01,153.181
CUUR0000SEFM03,2019-05-01,152.311
CUUR0000SEFM03,2019-04-01,151.435
CUUR0000SEFM03,2019-03-01,152.187
CUUR0000SEFM03,2019-02-01,152.484
CUUR0000SEFM03,2019-01-01,153.081
CUUR0000SEFM03,2018-12-01,153.226
CUUR0000SEFM03,2018-11-01,151.435
CUUR0000SEFM03,2018-10-01,154.698
CUUR0000SEFM03,2018-09-01,155.514
CUUR0000SEFM03,2018-08-01,157.423
CUUR0000SEFM03,2018-07-01,156.194
CUUR0000SEFM03,2018-06-01,158.084
CUUR0000SEFM03,2018-05-01,157.183
CUUR0000SEFM03,2018-04-01,157.524
CUUR0000SEFM03,2018-03-01,154.315
CUUR0000SEFM03,2018-02-01,157.527
CUUR0000SEFM03,2018-01-01,154.948
CUUR0000SEFM03,2017-12-01,153.768
CUUR0000SEFM03,2017-11-01,154.801
CUUR0000SEFM03,2017-10-01,156.823
CUUR0000SEFM03,2017-09-01,157.537
CUUR0000SEFM03,2017-08-01,155.730
CUUR0000SEFM03,2017-07-01,158.307
CUUR0000SEFM03,2017-06-01,158.305
CUUR0000SEFM03,2017-05-01,158.619
CUUR0000SEFM03,2017-04-01,157.550
CUUR0000SEFM03,2017-03-01,160.045
CUUR0000SEFM03,2017-02-01,159.394
CUUR0000SEFM03,2017-01-01,160.272
CUUR0000SEFM03,2016-12-01,158.367
CUUR0000SEFM03,2016-11-01,158.827
CUUR0000SEFM03,2016-10-01,157.053
CUUR0000SEFM03,2016-09-01,160.227
CUUR0000SEFM03,2016-08-01,159.120
CUUR0000SEFM03,2016-07-01,163.415
CUUR0000SEFM03,2016-06-01,162.548
CUUR0000SEFM03,2016-05-01,161.463
CUUR0000SEFM03,2016-04-01,162.870
CUUR0000SEFM03,2016-03-01,161.336
CUUR0000SEFM03,2016-02-01,165.291
CUUR0000SEFM03,2016-01-01,163.888
CUUR0000SEFM03,2015-12-01,161.080
CUUR0000SEFM03,2015-11-01,161.742
CUUR0000SEFM03,2015-10-01,162.866
CUUR0000SEFM03,2015-09-01,163.556
CUUR0000SEFM03,2015-08-01,163.832
CUUR0000SEFM03,2015-07-01,164.997
CUUR0000SEFM03,2015-06-01,164.812
CUUR0000SEFM03,2015-05-01,164.146
CUUR0000SEFM03,2015-04-01,162.842
CUUR0000SEFM03,2015-03-01,161.226
CUUR0000SEFM03,2015-02-01,164.810
CUUR0000SEFM03,2015-01-01,163.318
